,date,daytype,rides,station_id,stationname
0,2001-01-01T00:00:00.000,U,273,40350,UIC-Halsted
1,2001-01-01T00:00:00.000,U,306,41130,Halsted-Orange
2,2001-01-01T00:00:00.000,U,1059,40760,Granville
3,2001-01-01T00:00:00.000,U,649,40070,Jackson/Dearborn
4,2001-01-01T00:00:00.000,U,411,40090,Damen-Brown
5,2001-01-01T00:00:00.000,U,870,40590,Damen/Milwaukee
6,2001-01-01T00:00:00.000,U,391,40720,East 63rd-Cottage Grove
7,2001-01-01T00:00:00.000,U,399,41260,Austin-Lake
8,2001-01-01T00:00:00.000,U,788,40230,Cumberland
9,2001-01-01T00:00:00.000,U,448,41120,35-Bronzeville-IIT
10,2001-01-01T00:00:00.000,U,479,40810,Medical Center
11,2001-01-01T00:00:00.000,U,2542,40330,Grand/State
12,2001-01-01T00:00:00.000,U,176,41050,Linden
13,2001-01-01T00:00:00.000,U,0,40140,Skokie
14,2001-01-01T00:00:00.000,U,3948,40450,95th/Dan Ryan
15,2001-01-01T00:00:00.000,U,72,40400,Noyes
16,2001-01-01T00:00:00.000,U,0,40150,Pulaski-Cermak
17,2001-01-01T00:00:00.000,U,177,40690,Dempster
18,2001-01-01T00:00:00.000,U,185,40460,Merchandise Mart
19,2001-01-01T00:00:00.000,U,202,40840,South Boulevard
20,2001-01-01T00:00:00.000,U,1302,41280,Jefferson Park
21,2001-01-01T00:00:00.000,U,364,40130,51st
22,2001-01-01T00:00:00.000,U,196,40870,Francisco
23,2001-01-01T00:00:00.000,U,384,40710,Chicago/Franklin
24,2001-01-01T00:00:00.000,U,0,40740,Western-Cermak
25,2001-01-01T00:00:00.000,U,731,40550,Irving Park-O'Hare
26,2001-01-01T00:00:00.000,U,338,41500,Montrose-Brown
27,2001-01-01T00:00:00.000,U,0,41040,Kedzie-Cermak
28,2001-01-01T00:00:00.000,U,4395,41450,Chicago/State
29,2001-01-01T00:00:00.000,U,427,41080,47th-South Elevated
30,2001-01-01T00:00:00.000,U,2068,40900,Howard
31,2001-01-01T00:00:00.000,U,1046,40340,Berwyn
32,2001-01-01T00:00:00.000,U,248,40510,Garfield-South Elevated
33,2001-01-01T00:00:00.000,U,700,40680,Adams/Wabash
34,2001-01-01T00:00:00.000,U,874,40770,Lawrence
35,2001-01-01T00:00:00.000,U,804,40050,Davis
36,2001-01-01T00:00:00.000,U,141,40610,Ridgeland
37,2001-01-01T00:00:00.000,U,126,40520,Foster
38,2001-01-01T00:00:00.000,U,211,41270,43rd
39,2001-01-01T00:00:00.000,U,1457,41170,Garfield-Dan Ryan
40,2001-01-01T00:00:00.000,U,180,41250,Central-Evanston
41,2001-01-01T00:00:00.000,U,173,40980,Harlem-Forest Park
42,2001-01-01T00:00:00.000,U,230,40940,Halsted/63rd
43,2001-01-01T00:00:00.000,U,469,40750,Harlem-O'Hare
44,2001-01-01T00:00:00.000,U,1227,41420,Addison-North Main
45,2001-01-01T00:00:00.000,U,1363,41400,Roosevelt
46,2001-01-01T00:00:00.000,U,327,41460,Irving Park-Brown
47,2001-01-01T00:00:00.000,U,448,40250,Kedzie-Homan-Forest Park
48,2001-01-01T00:00:00.000,U,621,40670,Western/Milwaukee
49,2001-01-01T00:00:00.000,U,483,40030,Pulaski-Lake
50,2001-01-01T00:00:00.000,U,279,40270,Main
51,2001-01-01T00:00:00.000,U,323,41310,Paulina
52,2001-01-01T00:00:00.000,U,413,40970,Cicero-Forest Park
53,2001-01-01T00:00:00.000,U,417,40360,Southport
54,2001-01-01T00:00:00.000,U,1403,41300,Loyola
55,2001-01-01T00:00:00.000,U,0,40210,Damen-Cermak
56,2001-01-01T00:00:00.000,U,2366,40990,69th
57,2001-01-01T00:00:00.000,U,246,40170,Ashland-Lake
58,2001-01-01T00:00:00.000,U,502,41490,Harrison
59,2001-01-01T00:00:00.000,U,209,41010,Rockwell
60,2001-01-01T00:00:00.000,U,633,40020,Harlem-Lake
61,2001-01-01T00:00:00.000,U,290,40010,Austin-Forest Park
62,2001-01-01T00:00:00.000,U,460,40310,Western-Orange
63,2001-01-01T00:00:00.000,U,2872,41320,Belmont-North Main
64,2001-01-01T00:00:00.000,U,993,41200,Argyle
65,2001-01-01T00:00:00.000,U,2942,41660,Lake/State
66,2001-01-01T00:00:00.000,U,270,41210,Wellington
67,2001-01-01T00:00:00.000,U,666,40570,California/Milwaukee
68,2001-01-01T00:00:00.000,U,242,41060,Ashland-Orange
69,2001-01-01T00:00:00.000,U,431,40800,Sedgwick
70,2001-01-01T00:00:00.000,U,199,40300,Indiana
71,2001-01-01T00:00:00.000,U,6383,40890,O'Hare Airport
72,2001-01-01T00:00:00.000,U,808,40820,Rosemont
73,2001-01-01T00:00:00.000,U,357,41070,Kedzie-Lake
74,2001-01-01T00:00:00.000,U,0,41030,Polk
75,2001-01-01T00:00:00.000,U,834,40200,Randolph/Wabash
76,2001-01-01T00:00:00.000,U,0,40580,54th/Cermak
77,2001-01-01T00:00:00.000,U,660,40390,Forest Park
78,2001-01-01T00:00:00.000,U,1659,41430,87th
79,2001-01-01T00:00:00.000,U,1449,40540,Wilson
80,2001-01-01T00:00:00.000,U,405,40480,Cicero-Lake
81,2001-01-01T00:00:00.000,U,1165,40060,Belmont-O'Hare
82,2001-01-01T00:00:00.000,U,869,41290,Kimball
83,2001-01-01T00:00:00.000,U,96,40160,LaSalle/Van Buren
84,2001-01-01T00:00:00.000,U,1698,40100,Morse
85,2001-01-01T00:00:00.000,U,2314,40630,Clark/Division
86,2001-01-01T00:00:00.000,U,0,40440,California-Cermak
87,2001-01-01T00:00:00.000,U,1273,41000,Cermak-Chinatown
88,2001-01-01T00:00:00.000,U,2030,40930,Midway Airport
89,2001-01-01T00:00:00.000,U,953,40880,Thorndale
90,2001-01-01T00:00:00.000,U,987,41020,Logan Square
91,2001-01-01T00:00:00.000,U,469,40960,Pulaski-Orange
92,2001-01-01T00:00:00.000,U,217,41160,Clinton-Lake
93,2001-01-01T00:00:00.000,U,225,41440,Addison-Brown
94,2001-01-01T00:00:00.000,U,474,40920,Pulaski-Forest Park
95,2001-01-01T00:00:00.000,U,1255,40560,Jackson/State
96,2001-01-01T00:00:00.000,U,1131,40190,Sox-35th-Dan Ryan
97,2001-01-01T00:00:00.000,U,182,40490,Grand/Milwaukee
98,2001-01-01T00:00:00.000,U,144,41140,King Drive
99,2001-01-01T00:00:00.000,U,1763,41220,Fullerton
100,2001-01-01T00:00:00.000,U,402,41180,Kedzie-Brown
101,2001-01-01T00:00:00.000,U,156,40850,Library
102,2001-01-01T00:00:00.000,U,0,40420,Cicero-Cermak
103,2001-01-01T00:00:00.000,U,854,40320,Division/Milwaukee
104,2001-01-01T00:00:00.000,U,460,41150,Kedzie-Midway
105,2001-01-01T00:00:00.000,U,979,41090,Monroe/State
106,2001-01-01T00:00:00.000,U,540,40290,Ashland/63rd
107,2001-01-01T00:00:00.000,U,1039,40370,Washington/Dearborn
108,2001-01-01T00:00:00.000,U,374,40040,Quincy/Wells
109,2001-01-01T00:00:00.000,U,546,40430,Clinton-Forest Park
110,2001-01-01T00:00:00.000,U,0,40830,18th
111,2001-01-01T00:00:00.000,U,259,40730,Washington/Wells
112,2001-01-01T00:00:00.000,U,318,40120,35th/Archer
113,2001-01-01T00:00:00.000,U,2470,40240,79th
114,2001-01-01T00:00:00.000,U,355,40660,Armitage
115,2001-01-01T00:00:00.000,U,1407,41380,Bryn Mawr
116,2001-01-01T00:00:00.000,U,1366,40910,63rd-Dan Ryan
117,2001-01-01T00:00:00.000,U,700,40280,Central-Lake
118,2001-01-01T00:00:00.000,U,2059,40260,State/Lake
119,2001-01-01T00:00:00.000,U,368,40640,Madison/Wabash
120,2001-01-01T00:00:00.000,U,0,40600,Kostner
121,2001-01-01T00:00:00.000,U,346,40700,Laramie
122,2001-01-01T00:00:00.000,U,342,40790,Monroe/Dearborn
123,2001-01-01T00:00:00.000,U,286,40470,Racine
124,2001-01-01T00:00:00.000,U,1116,40080,Sheridan
125,2001-01-01T00:00:00.000,U,142,41340,LaSalle
126,2001-01-01T00:00:00.000,U,383,41330,Montrose-O'Hare
127,2001-01-01T00:00:00.000,U,670,40530,Diversey
128,2001-01-01T00:00:00.000,U,0,40780,Central Park
129,2001-01-01T00:00:00.000,U,170,41350,Oak Park-Lake
130,2001-01-01T00:00:00.000,U,213,41360,California-Lake
131,2001-01-01T00:00:00.000,U,1181,40500,Washington/State
132,2001-01-01T00:00:00.000,U,157,40180,Oak Park-Forest Park
133,2001-01-01T00:00:00.000,U,1080,40380,Clark/Lake
134,2001-01-01T00:00:00.000,U,318,40220,Western-Forest Park
135,2001-01-01T00:00:00.000,U,590,41190,Jarvis
136,2001-01-01T00:00:00.000,U,715,41480,Western-Brown
137,2001-01-01T00:00:00.000,U,252,41410,Chicago/Milwaukee
138,2001-01-01T00:00:00.000,U,1156,40650,North/Clybourn
139,2001-01-01T00:00:00.000,U,787,41230,47th-Dan Ryan
140,2001-01-01T00:00:00.000,U,388,41240,Addison-O'Hare
141,2001-01-02T00:00:00.000,W,988,41060,Ashland-Orange
142,2001-01-02T00:00:00.000,W,1104,40270,Main
143,2001-01-02T00:00:00.000,W,5732,40990,69th
144,2001-01-02T00:00:00.000,W,1823,40090,Damen-Brown
145,2001-01-02T00:00:00.000,W,1142,40470,Racine
146,2001-01-02T00:00:00.000,W,2329,40430,Clinton-Forest Park
147,2001-01-02T00:00:00.000,W,1003,40490,Grand/Milwaukee
148,2001-01-02T00:00:00.000,W,1216,40720,East 63rd-Cottage Grove
149,2001-01-02T00:00:00.000,W,2335,41150,Kedzie-Midway
150,2001-01-02T00:00:00.000,W,6075,40240,79th
151,2001-01-02T00:00:00.000,W,842,41250,Central-Evanston
152,2001-01-02T00:00:00.000,W,3624,40590,Damen/Milwaukee
153,2001-01-02T00:00:00.000,W,1001,40920,Pulaski-Forest Park
154,2001-01-02T00:00:00.000,W,7703,41320,Belmont-North Main
155,2001-01-02T00:00:00.000,W,3807,40100,Morse
156,2001-01-02T00:00:00.000,W,1706,41410,Chicago/Milwaukee
157,2001-01-02T00:00:00.000,W,12087,41660,Lake/State
158,2001-01-02T00:00:00.000,W,913,40130,51st
159,2001-01-02T00:00:00.000,W,4046,40060,Belmont-O'Hare
160,2001-01-02T00:00:00.000,W,2627,40310,Western-Orange
161,2001-01-02T00:00:00.000,W,3047,40910,63rd-Dan Ryan
162,2001-01-02T00:00:00.000,W,1835,40280,Central-Lake
163,2001-01-02T00:00:00.000,W,2971,40390,Forest Park
164,2001-01-02T00:00:00.000,W,2390,41490,Harrison
165,2001-01-02T00:00:00.000,W,11692,40450,95th/Dan Ryan
166,2001-01-02T00:00:00.000,W,2405,41200,Argyle
167,2001-01-02T00:00:00.000,W,2661,40190,Sox-35th-Dan Ryan
168,2001-01-02T00:00:00.000,W,3650,40320,Division/Milwaukee
169,2001-01-02T00:00:00.000,W,745,40840,South Boulevard
170,2001-01-02T00:00:00.000,W,1107,41010,Rockwell
171,2001-01-02T00:00:00.000,W,1844,40800,Sedgwick
172,2001-01-02T00:00:00.000,W,1654,40120,35th/Archer
173,2001-01-02T00:00:00.000,W,1637,41330,Montrose-O'Hare
174,2001-01-02T00:00:00.000,W,5194,40200,Randolph/Wabash
175,2001-01-02T00:00:00.000,W,3508,40160,LaSalle/Van Buren
176,2001-01-02T00:00:00.000,W,4971,40790,Monroe/Dearborn
177,2001-01-02T00:00:00.000,W,6848,41090,Monroe/State
178,2001-01-02T00:00:00.000,W,2291,40880,Thorndale
179,2001-01-02T00:00:00.000,W,1173,41180,Kedzie-Brown
180,2001-01-02T00:00:00.000,W,1902,41230,47th-Dan Ryan
181,2001-01-02T00:00:00.000,W,5350,40460,Merchandise Mart
182,2001-01-02T00:00:00.000,W,1681,41160,Clinton-Lake
183,2001-01-02T00:00:00.000,W,3854,40080,Sheridan
184,2001-01-02T00:00:00.000,W,218,40600,Kostner
185,2001-01-02T00:00:00.000,W,4577,41430,87th
186,2001-01-02T00:00:00.000,W,3937,41420,Addison-North Main
187,2001-01-02T00:00:00.000,W,617,40510,Garfield-South Elevated
188,2001-01-02T00:00:00.000,W,3194,41480,Western-Brown
189,2001-01-02T00:00:00.000,W,836,40970,Cicero-Forest Park
190,2001-01-02T00:00:00.000,W,813,40830,18th
191,2001-01-02T00:00:00.000,W,2950,40020,Harlem-Lake
192,2001-01-02T00:00:00.000,W,418,40740,Western-Cermak
193,2001-01-02T00:00:00.000,W,7727,40930,Midway Airport
194,2001-01-02T00:00:00.000,W,2537,40660,Armitage
195,2001-01-02T00:00:00.000,W,1116,41080,47th-South Elevated
196,2001-01-02T00:00:00.000,W,3294,40640,Madison/Wabash
197,2001-01-02T00:00:00.000,W,2891,40340,Berwyn
198,2001-01-02T00:00:00.000,W,5437,40900,Howard
199,2001-01-02T00:00:00.000,W,3519,40540,Wilson
200,2001-01-02T00:00:00.000,W,754,40420,Cicero-Cermak
201,2001-01-02T00:00:00.000,W,7757,40370,Washington/Dearborn
202,2001-01-02T00:00:00.000,W,1036,40610,Ridgeland
203,2001-01-02T00:00:00.000,W,5750,40680,Adams/Wabash
204,2001-01-02T00:00:00.000,W,3748,41170,Garfield-Dan Ryan
205,2001-01-02T00:00:00.000,W,3093,40650,North/Clybourn
206,2001-01-02T00:00:00.000,W,2409,40360,Southport
207,2001-01-02T00:00:00.000,W,3485,40710,Chicago/Franklin
208,2001-01-02T00:00:00.000,W,566,40210,Damen-Cermak
209,2001-01-02T00:00:00.000,W,3983,41380,Bryn Mawr
210,2001-01-02T00:00:00.000,W,3335,41290,Kimball
211,2001-01-02T00:00:00.000,W,1404,40580,54th/Cermak
212,2001-01-02T00:00:00.000,W,6507,40500,Washington/State
213,2001-01-02T00:00:00.000,W,702,40220,Western-Forest Park
214,2001-01-02T00:00:00.000,W,4110,40230,Cumberland
215,2001-01-02T00:00:00.000,W,337,40780,Central Park
216,2001-01-02T00:00:00.000,W,5777,40070,Jackson/Dearborn
217,2001-01-02T00:00:00.000,W,667,40980,Harlem-Forest Park
218,2001-01-02T00:00:00.000,W,3444,40550,Irving Park-O'Hare
219,2001-01-02T00:00:00.000,W,1710,41500,Montrose-Brown
220,2001-01-02T00:00:00.000,W,8712,40560,Jackson/State
221,2001-01-02T00:00:00.000,W,1230,40030,Pulaski-Lake
222,2001-01-02T00:00:00.000,W,3199,40050,Davis
223,2001-01-02T00:00:00.000,W,941,41050,Linden
224,2001-01-02T00:00:00.000,W,2040,41460,Irving Park-Brown
225,2001-01-02T00:00:00.000,W,2212,40770,Lawrence
226,2001-01-02T00:00:00.000,W,1878,40850,Library
227,2001-01-02T00:00:00.000,W,5657,40630,Clark/Division
228,2001-01-02T00:00:00.000,W,1621,41260,Austin-Lake
229,2001-01-02T00:00:00.000,W,3858,40530,Diversey
230,2001-01-02T00:00:00.000,W,2011,41030,Polk
231,2001-01-02T00:00:00.000,W,1338,41190,Jarvis
232,2001-01-02T00:00:00.000,W,6788,40730,Washington/Wells
233,2001-01-02T00:00:00.000,W,456,40300,Indiana
234,2001-01-02T00:00:00.000,W,2508,40570,California/Milwaukee
235,2001-01-02T00:00:00.000,W,674,40940,Halsted/63rd
236,2001-01-02T00:00:00.000,W,546,40520,Foster
237,2001-01-02T00:00:00.000,W,3563,40960,Pulaski-Orange
238,2001-01-02T00:00:00.000,W,2036,41000,Cermak-Chinatown
239,2001-01-02T00:00:00.000,W,2107,40140,Skokie
240,2001-01-02T00:00:00.000,W,561,40690,Dempster
241,2001-01-02T00:00:00.000,W,1272,41350,Oak Park-Lake
242,2001-01-02T00:00:00.000,W,7286,40260,State/Lake
243,2001-01-02T00:00:00.000,W,1240,40010,Austin-Forest Park
244,2001-01-02T00:00:00.000,W,3508,41300,Loyola
245,2001-01-02T00:00:00.000,W,1195,41120,35-Bronzeville-IIT
246,2001-01-02T00:00:00.000,W,1019,40480,Cicero-Lake
247,2001-01-02T00:00:00.000,W,2504,40670,Western/Milwaukee
248,2001-01-02T00:00:00.000,W,588,40440,California-Cermak
249,2001-01-02T00:00:00.000,W,619,41360,California-Lake
250,2001-01-02T00:00:00.000,W,7737,40040,Quincy/Wells
251,2001-01-02T00:00:00.000,W,1998,41240,Addison-O'Hare
252,2001-01-02T00:00:00.000,W,7790,40330,Grand/State
253,2001-01-02T00:00:00.000,W,1774,41130,Halsted-Orange
254,2001-01-02T00:00:00.000,W,2194,41210,Wellington
255,2001-01-02T00:00:00.000,W,7054,41220,Fullerton
256,2001-01-02T00:00:00.000,W,1866,41340,LaSalle
257,2001-01-02T00:00:00.000,W,640,41270,43rd
258,2001-01-02T00:00:00.000,W,398,40150,Pulaski-Cermak
259,2001-01-02T00:00:00.000,W,4775,41400,Roosevelt
260,2001-01-02T00:00:00.000,W,850,41070,Kedzie-Lake
261,2001-01-02T00:00:00.000,W,4199,41020,Logan Square
262,2001-01-02T00:00:00.000,W,2717,40760,Granville
263,2001-01-02T00:00:00.000,W,1512,41440,Addison-Brown
264,2001-01-02T00:00:00.000,W,1795,41310,Paulina
265,2001-01-02T00:00:00.000,W,9301,40890,O'Hare Airport
266,2001-01-02T00:00:00.000,W,335,41040,Kedzie-Cermak
267,2001-01-02T00:00:00.000,W,580,41140,King Drive
268,2001-01-02T00:00:00.000,W,11058,41450,Chicago/State
269,2001-01-02T00:00:00.000,W,1523,40290,Ashland/63rd
270,2001-01-02T00:00:00.000,W,1372,40810,Medical Center
271,2001-01-02T00:00:00.000,W,1156,40180,Oak Park-Forest Park
272,2001-01-02T00:00:00.000,W,13263,40380,Clark/Lake
273,2001-01-02T00:00:00.000,W,1074,40250,Kedzie-Homan-Forest Park
274,2001-01-02T00:00:00.000,W,4433,40820,Rosemont
275,2001-01-02T00:00:00.000,W,965,40870,Francisco
276,2001-01-02T00:00:00.000,W,1091,40700,Laramie
277,2001-01-02T00:00:00.000,W,1142,40170,Ashland-Lake
278,2001-01-02T00:00:00.000,W,2299,40750,Harlem-O'Hare
279,2001-01-02T00:00:00.000,W,389,40400,Noyes
280,2001-01-02T00:00:00.000,W,5812,41280,Jefferson Park
281,2001-01-02T00:00:00.000,W,1775,40350,UIC-Halsted
282,2001-01-03T00:00:00.000,W,1466,40580,54th/Cermak
283,2001-01-03T00:00:00.000,W,7781,40260,State/Lake
284,2001-01-03T00:00:00.000,W,8584,40890,O'Hare Airport
285,2001-01-03T00:00:00.000,W,4047,40100,Morse
286,2001-01-03T00:00:00.000,W,657,40510,Garfield-South Elevated
287,2001-01-03T00:00:00.000,W,6694,40240,79th
288,2001-01-03T00:00:00.000,W,2588,41150,Kedzie-Midway
289,2001-01-03T00:00:00.000,W,2004,41310,Paulina
290,2001-01-03T00:00:00.000,W,4153,40060,Belmont-O'Hare
291,2001-01-03T00:00:00.000,W,1316,40720,East 63rd-Cottage Grove
292,2001-01-03T00:00:00.000,W,812,40220,Western-Forest Park
293,2001-01-03T00:00:00.000,W,4147,40080,Sheridan
294,2001-01-03T00:00:00.000,W,613,40210,Damen-Cermak
295,2001-01-03T00:00:00.000,W,1388,40470,Racine
296,2001-01-03T00:00:00.000,W,713,41270,43rd
297,2001-01-03T00:00:00.000,W,1084,40250,Kedzie-Homan-Forest Park
298,2001-01-03T00:00:00.000,W,2601,40670,Western/Milwaukee
299,2001-01-03T00:00:00.000,W,4063,41380,Bryn Mawr
300,2001-01-03T00:00:00.000,W,4029,40320,Division/Milwaukee
301,2001-01-03T00:00:00.000,W,2878,40760,Granville
302,2001-01-03T00:00:00.000,W,12622,41660,Lake/State
303,2001-01-03T00:00:00.000,W,269,40600,Kostner
304,2001-01-03T00:00:00.000,W,457,40740,Western-Cermak
305,2001-01-03T00:00:00.000,W,1954,40800,Sedgwick
306,2001-01-03T00:00:00.000,W,1345,41190,Jarvis
307,2001-01-03T00:00:00.000,W,419,40780,Central Park
308,2001-01-03T00:00:00.000,W,3107,40020,Harlem-Lake
309,2001-01-03T00:00:00.000,W,8301,40330,Grand/State
310,2001-01-03T00:00:00.000,W,3263,40650,North/Clybourn
311,2001-01-03T00:00:00.000,W,1965,41230,47th-Dan Ryan
312,2001-01-03T00:00:00.000,W,8253,41320,Belmont-North Main
313,2001-01-03T00:00:00.000,W,3797,40710,Chicago/Franklin
314,2001-01-03T00:00:00.000,W,6149,40680,Adams/Wabash
315,2001-01-03T00:00:00.000,W,1412,40010,Austin-Forest Park
316,2001-01-03T00:00:00.000,W,1139,40270,Main
317,2001-01-03T00:00:00.000,W,1733,41160,Clinton-Lake
318,2001-01-03T00:00:00.000,W,3350,40910,63rd-Dan Ryan
319,2001-01-03T00:00:00.000,W,2843,40190,Sox-35th-Dan Ryan
320,2001-01-03T00:00:00.000,W,1216,41080,47th-South Elevated
321,2001-01-03T00:00:00.000,W,1128,40700,Laramie
322,2001-01-03T00:00:00.000,W,1222,40610,Ridgeland
323,2001-01-03T00:00:00.000,W,2569,41200,Argyle
324,2001-01-03T00:00:00.000,W,1333,41350,Oak Park-Lake
325,2001-01-03T00:00:00.000,W,2441,40770,Lawrence
326,2001-01-03T00:00:00.000,W,3977,41170,Garfield-Dan Ryan
327,2001-01-03T00:00:00.000,W,2476,40880,Thorndale
328,2001-01-03T00:00:00.000,W,641,40520,Foster
329,2001-01-03T00:00:00.000,W,2443,40750,Harlem-O'Hare
330,2001-01-03T00:00:00.000,W,6171,41280,Jefferson Park
331,2001-01-03T00:00:00.000,W,4782,41430,87th
332,2001-01-03T00:00:00.000,W,3781,41300,Loyola
333,2001-01-03T00:00:00.000,W,4211,40540,Wilson
334,2001-01-03T00:00:00.000,W,11680,41450,Chicago/State
335,2001-01-03T00:00:00.000,W,2029,41130,Halsted-Orange
336,2001-01-03T00:00:00.000,W,3480,41290,Kimball
337,2001-01-03T00:00:00.000,W,3793,40590,Damen/Milwaukee
338,2001-01-03T00:00:00.000,W,1186,41010,Rockwell
339,2001-01-03T00:00:00.000,W,993,41050,Linden
340,2001-01-03T00:00:00.000,W,9608,40560,Jackson/State
341,2001-01-03T00:00:00.000,W,12824,40450,95th/Dan Ryan
342,2001-01-03T00:00:00.000,W,842,40840,South Boulevard
343,2001-01-03T00:00:00.000,W,3272,41480,Western-Brown
344,2001-01-03T00:00:00.000,W,1786,41330,Montrose-O'Hare
345,2001-01-03T00:00:00.000,W,2095,40850,Library
346,2001-01-03T00:00:00.000,W,4436,40230,Cumberland
347,2001-01-03T00:00:00.000,W,2124,41460,Irving Park-Brown
348,2001-01-03T00:00:00.000,W,7448,40930,Midway Airport
349,2001-01-03T00:00:00.000,W,3523,40640,Madison/Wabash
350,2001-01-03T00:00:00.000,W,2114,41000,Cermak-Chinatown
351,2001-01-03T00:00:00.000,W,514,40300,Indiana
352,2001-01-03T00:00:00.000,W,2831,40660,Armitage
353,2001-01-03T00:00:00.000,W,1628,40810,Medical Center
354,2001-01-03T00:00:00.000,W,727,40980,Harlem-Forest Park
355,2001-01-03T00:00:00.000,W,6922,41090,Monroe/State
356,2001-01-03T00:00:00.000,W,3476,40050,Davis
357,2001-01-03T00:00:00.000,W,4769,40820,Rosemont
358,2001-01-03T00:00:00.000,W,2363,40140,Skokie
359,2001-01-03T00:00:00.000,W,949,40970,Cicero-Forest Park
360,2001-01-03T00:00:00.000,W,791,40420,Cicero-Cermak
361,2001-01-03T00:00:00.000,W,3922,40960,Pulaski-Orange
362,2001-01-03T00:00:00.000,W,1071,40130,51st
363,2001-01-03T00:00:00.000,W,5766,40460,Merchandise Mart
364,2001-01-03T00:00:00.000,W,628,40690,Dempster
365,2001-01-03T00:00:00.000,W,2023,41340,LaSalle
366,2001-01-03T00:00:00.000,W,881,40830,18th
367,2001-01-03T00:00:00.000,W,7321,40730,Washington/Wells
368,2001-01-03T00:00:00.000,W,1282,40180,Oak Park-Forest Park
369,2001-01-03T00:00:00.000,W,3241,40390,Forest Park
370,2001-01-03T00:00:00.000,W,1777,40120,35th/Archer
371,2001-01-03T00:00:00.000,W,4366,41020,Logan Square
372,2001-01-03T00:00:00.000,W,5814,40900,Howard
373,2001-01-03T00:00:00.000,W,4124,40530,Diversey
374,2001-01-03T00:00:00.000,W,943,41070,Kedzie-Lake
375,2001-01-03T00:00:00.000,W,1357,41120,35-Bronzeville-IIT
376,2001-01-03T00:00:00.000,W,5243,41400,Roosevelt
377,2001-01-03T00:00:00.000,W,2617,40570,California/Milwaukee
378,2001-01-03T00:00:00.000,W,1394,40030,Pulaski-Lake
379,2001-01-03T00:00:00.000,W,1403,41180,Kedzie-Brown
380,2001-01-03T00:00:00.000,W,1945,40350,UIC-Halsted
381,2001-01-03T00:00:00.000,W,1060,40920,Pulaski-Forest Park
382,2001-01-03T00:00:00.000,W,627,41140,King Drive
383,2001-01-03T00:00:00.000,W,6482,40070,Jackson/Dearborn
384,2001-01-03T00:00:00.000,W,459,40400,Noyes
385,2001-01-03T00:00:00.000,W,2409,40430,Clinton-Forest Park
386,2001-01-03T00:00:00.000,W,677,40440,California-Cermak
387,2001-01-03T00:00:00.000,W,5472,40200,Randolph/Wabash
388,2001-01-03T00:00:00.000,W,1699,41440,Addison-Brown
389,2001-01-03T00:00:00.000,W,1918,41410,Chicago/Milwaukee
390,2001-01-03T00:00:00.000,W,1235,40170,Ashland-Lake
391,2001-01-03T00:00:00.000,W,986,40870,Francisco
392,2001-01-03T00:00:00.000,W,3519,40550,Irving Park-O'Hare
393,2001-01-03T00:00:00.000,W,380,41040,Kedzie-Cermak
394,2001-01-03T00:00:00.000,W,865,41250,Central-Evanston
395,2001-01-03T00:00:00.000,W,5977,40990,69th
396,2001-01-03T00:00:00.000,W,1145,40480,Cicero-Lake
397,2001-01-03T00:00:00.000,W,3114,40340,Berwyn
398,2001-01-03T00:00:00.000,W,1871,41260,Austin-Lake
399,2001-01-03T00:00:00.000,W,8051,40040,Quincy/Wells
400,2001-01-03T00:00:00.000,W,2846,40310,Western-Orange
401,2001-01-03T00:00:00.000,W,4329,41420,Addison-North Main
402,2001-01-03T00:00:00.000,W,8257,40370,Washington/Dearborn
403,2001-01-03T00:00:00.000,W,1763,40280,Central-Lake
404,2001-01-03T00:00:00.000,W,2495,41490,Harrison
405,2001-01-03T00:00:00.000,W,660,41360,California-Lake
406,2001-01-03T00:00:00.000,W,2217,41030,Polk
407,2001-01-03T00:00:00.000,W,2095,41240,Addison-O'Hare
408,2001-01-03T00:00:00.000,W,14416,40380,Clark/Lake
409,2001-01-03T00:00:00.000,W,1091,41060,Ashland-Orange
410,2001-01-03T00:00:00.000,W,1592,40290,Ashland/63rd
411,2001-01-03T00:00:00.000,W,6012,40630,Clark/Division
412,2001-01-03T00:00:00.000,W,2449,41210,Wellington
413,2001-01-03T00:00:00.000,W,1073,40490,Grand/Milwaukee
414,2001-01-03T00:00:00.000,W,3809,40160,LaSalle/Van Buren
415,2001-01-03T00:00:00.000,W,6783,40500,Washington/State
416,2001-01-03T00:00:00.000,W,5431,40790,Monroe/Dearborn
417,2001-01-03T00:00:00.000,W,1888,41500,Montrose-Brown
418,2001-01-03T00:00:00.000,W,1905,40090,Damen-Brown
419,2001-01-03T00:00:00.000,W,681,40940,Halsted/63rd
420,2001-01-03T00:00:00.000,W,2635,40360,Southport
421,2001-01-03T00:00:00.000,W,397,40150,Pulaski-Cermak
422,2001-01-03T00:00:00.000,W,7519,41220,Fullerton
423,2001-01-04T00:00:00.000,W,1379,41180,Kedzie-Brown
424,2001-01-04T00:00:00.000,W,7227,41090,Monroe/State
425,2001-01-04T00:00:00.000,W,2074,41130,Halsted-Orange
426,2001-01-04T00:00:00.000,W,3519,41290,Kimball
427,2001-01-04T00:00:00.000,W,1389,41120,35-Bronzeville-IIT
428,2001-01-04T00:00:00.000,W,1165,41080,47th-South Elevated
429,2001-01-04T00:00:00.000,W,918,40970,Cicero-Forest Park
430,2001-01-04T00:00:00.000,W,3259,40020,Harlem-Lake
431,2001-01-04T00:00:00.000,W,1106,40490,Grand/Milwaukee
432,2001-01-04T00:00:00.000,W,1390,41190,Jarvis
433,2001-01-04T00:00:00.000,W,2548,41210,Wellington
434,2001-01-04T00:00:00.000,W,1388,40010,Austin-Forest Park
435,2001-01-04T00:00:00.000,W,1203,40270,Main
436,2001-01-04T00:00:00.000,W,1106,40250,Kedzie-Homan-Forest Park
437,2001-01-04T00:00:00.000,W,2398,40430,Clinton-Forest Park
438,2001-01-04T00:00:00.000,W,728,40440,California-Cermak
439,2001-01-04T00:00:00.000,W,7808,40260,State/Lake
440,2001-01-04T00:00:00.000,W,1357,40180,Oak Park-Forest Park
441,2001-01-04T00:00:00.000,W,2130,41230,47th-Dan Ryan
442,2001-01-04T00:00:00.000,W,2246,41460,Irving Park-Brown
443,2001-01-04T00:00:00.000,W,6461,40680,Adams/Wabash
444,2001-01-04T00:00:00.000,W,1574,40470,Racine
445,2001-01-04T00:00:00.000,W,12936,41660,Lake/State
446,2001-01-04T00:00:00.000,W,1530,40580,54th/Cermak
447,2001-01-04T00:00:00.000,W,3023,40190,Sox-35th-Dan Ryan
448,2001-01-04T00:00:00.000,W,2008,40090,Damen-Brown
449,2001-01-04T00:00:00.000,W,8897,41320,Belmont-North Main
450,2001-01-04T00:00:00.000,W,1991,41340,LaSalle
451,2001-01-04T00:00:00.000,W,884,40830,18th
452,2001-01-04T00:00:00.000,W,3204,40960,Pulaski-Orange
453,2001-01-04T00:00:00.000,W,11883,41450,Chicago/State
454,2001-01-04T00:00:00.000,W,2047,40800,Sedgwick
455,2001-01-04T00:00:00.000,W,1638,40810,Medical Center
456,2001-01-04T00:00:00.000,W,994,40130,51st
457,2001-01-04T00:00:00.000,W,1222,40480,Cicero-Lake
458,2001-01-04T00:00:00.000,W,695,41270,43rd
459,2001-01-04T00:00:00.000,W,886,41250,Central-Evanston
460,2001-01-04T00:00:00.000,W,7097,40240,79th
461,2001-01-04T00:00:00.000,W,8280,40890,O'Hare Airport
462,2001-01-04T00:00:00.000,W,3371,40910,63rd-Dan Ryan
463,2001-01-04T00:00:00.000,W,1189,40700,Laramie
464,2001-01-04T00:00:00.000,W,2379,40140,Skokie
465,2001-01-04T00:00:00.000,W,411,40780,Central Park
466,2001-01-04T00:00:00.000,W,2641,41200,Argyle
467,2001-01-04T00:00:00.000,W,15118,40380,Clark/Lake
468,2001-01-04T00:00:00.000,W,6906,40500,Washington/State
469,2001-01-04T00:00:00.000,W,478,40740,Western-Cermak
470,2001-01-04T00:00:00.000,W,1113,41050,Linden
471,2001-01-04T00:00:00.000,W,4132,40540,Wilson
472,2001-01-04T00:00:00.000,W,5111,41430,87th
473,2001-01-04T00:00:00.000,W,456,40150,Pulaski-Cermak
474,2001-01-04T00:00:00.000,W,4151,40530,Diversey
475,2001-01-04T00:00:00.000,W,9735,40560,Jackson/State
476,2001-01-04T00:00:00.000,W,4185,41170,Garfield-Dan Ryan
477,2001-01-04T00:00:00.000,W,3963,41300,Loyola
478,2001-01-04T00:00:00.000,W,1358,40720,East 63rd-Cottage Grove
479,2001-01-04T00:00:00.000,W,3530,40640,Madison/Wabash
480,2001-01-04T00:00:00.000,W,4202,40080,Sheridan
481,2001-01-04T00:00:00.000,W,1058,40920,Pulaski-Forest Park
482,2001-01-04T00:00:00.000,W,3591,40550,Irving Park-O'Hare
483,2001-01-04T00:00:00.000,W,5003,40820,Rosemont
484,2001-01-04T00:00:00.000,W,4113,41380,Bryn Mawr
485,2001-01-04T00:00:00.000,W,1925,41310,Paulina
486,2001-01-04T00:00:00.000,W,1962,41410,Chicago/Milwaukee
487,2001-01-04T00:00:00.000,W,4405,41020,Logan Square
488,2001-01-04T00:00:00.000,W,2938,40660,Armitage
489,2001-01-04T00:00:00.000,W,6766,40070,Jackson/Dearborn
490,2001-01-04T00:00:00.000,W,3944,40590,Damen/Milwaukee
491,2001-01-04T00:00:00.000,W,275,40600,Kostner
492,2001-01-04T00:00:00.000,W,8303,40370,Washington/Dearborn
493,2001-01-04T00:00:00.000,W,2223,40850,Library
494,2001-01-04T00:00:00.000,W,4158,40320,Division/Milwaukee
495,2001-01-04T00:00:00.000,W,697,40510,Garfield-South Elevated
496,2001-01-04T00:00:00.000,W,7350,40730,Washington/Wells
497,2001-01-04T00:00:00.000,W,5876,40900,Howard
498,2001-01-04T00:00:00.000,W,3086,40310,Western-Orange
499,2001-01-04T00:00:00.000,W,7919,41220,Fullerton
500,2001-01-04T00:00:00.000,W,2837,40670,Western/Milwaukee
501,2001-01-04T00:00:00.000,W,5824,40460,Merchandise Mart
502,2001-01-04T00:00:00.000,W,6206,40990,69th
503,2001-01-04T00:00:00.000,W,1951,41260,Austin-Lake
504,2001-01-04T00:00:00.000,W,1698,40290,Ashland/63rd
505,2001-01-04T00:00:00.000,W,3540,40050,Davis
506,2001-01-04T00:00:00.000,W,820,40420,Cicero-Cermak
507,2001-01-04T00:00:00.000,W,3820,40160,LaSalle/Van Buren
508,2001-01-04T00:00:00.000,W,1026,40870,Francisco
509,2001-01-04T00:00:00.000,W,1791,41160,Clinton-Lake
510,2001-01-04T00:00:00.000,W,774,40220,Western-Forest Park
511,2001-01-04T00:00:00.000,W,2723,40570,California/Milwaukee
512,2001-01-04T00:00:00.000,W,2875,40760,Granville
513,2001-01-04T00:00:00.000,W,3826,40710,Chicago/Franklin
514,2001-01-04T00:00:00.000,W,827,40840,South Boulevard
515,2001-01-04T00:00:00.000,W,1217,40610,Ridgeland
516,2001-01-04T00:00:00.000,W,3398,41480,Western-Brown
517,2001-01-04T00:00:00.000,W,5270,41400,Roosevelt
518,2001-01-04T00:00:00.000,W,2558,40770,Lawrence
519,2001-01-04T00:00:00.000,W,2710,41150,Kedzie-Midway
520,2001-01-04T00:00:00.000,W,2049,40350,UIC-Halsted
521,2001-01-04T00:00:00.000,W,773,40980,Harlem-Forest Park
522,2001-01-04T00:00:00.000,W,6239,40630,Clark/Division
523,2001-01-04T00:00:00.000,W,705,41140,King Drive
524,2001-01-04T00:00:00.000,W,4541,40230,Cumberland
525,2001-01-04T00:00:00.000,W,3176,40340,Berwyn
526,2001-01-04T00:00:00.000,W,13091,40450,95th/Dan Ryan
527,2001-01-04T00:00:00.000,W,2599,40880,Thorndale
528,2001-01-04T00:00:00.000,W,1717,41440,Addison-Brown
529,2001-01-04T00:00:00.000,W,474,40300,Indiana
530,2001-01-04T00:00:00.000,W,617,40690,Dempster
531,2001-01-04T00:00:00.000,W,4607,41420,Addison-North Main
532,2001-01-04T00:00:00.000,W,3345,40650,North/Clybourn
533,2001-01-04T00:00:00.000,W,1343,40170,Ashland-Lake
534,2001-01-04T00:00:00.000,W,2302,41030,Polk
535,2001-01-04T00:00:00.000,W,4107,40100,Morse
536,2001-01-04T00:00:00.000,W,6385,41280,Jefferson Park
537,2001-01-04T00:00:00.000,W,629,40210,Damen-Cermak
538,2001-01-04T00:00:00.000,W,2168,41000,Cermak-Chinatown
539,2001-01-04T00:00:00.000,W,1370,40030,Pulaski-Lake
540,2001-01-04T00:00:00.000,W,720,40520,Foster
541,2001-01-04T00:00:00.000,W,482,40400,Noyes
542,2001-01-04T00:00:00.000,W,694,41360,California-Lake
543,2001-01-04T00:00:00.000,W,1859,41330,Montrose-O'Hare
544,2001-01-04T00:00:00.000,W,7257,40930,Midway Airport
545,2001-01-04T00:00:00.000,W,1429,41350,Oak Park-Lake
546,2001-01-04T00:00:00.000,W,8543,40330,Grand/State
547,2001-01-04T00:00:00.000,W,2672,40360,Southport
548,2001-01-04T00:00:00.000,W,5503,40200,Randolph/Wabash
549,2001-01-04T00:00:00.000,W,659,40940,Halsted/63rd
550,2001-01-04T00:00:00.000,W,2076,40280,Central-Lake
551,2001-01-04T00:00:00.000,W,1878,40120,35th/Archer
552,2001-01-04T00:00:00.000,W,967,41070,Kedzie-Lake
553,2001-01-04T00:00:00.000,W,1166,41010,Rockwell
554,2001-01-04T00:00:00.000,W,1145,41060,Ashland-Orange
555,2001-01-04T00:00:00.000,W,366,41040,Kedzie-Cermak
556,2001-01-04T00:00:00.000,W,5604,40790,Monroe/Dearborn
557,2001-01-04T00:00:00.000,W,8027,40040,Quincy/Wells
558,2001-01-04T00:00:00.000,W,4362,40060,Belmont-O'Hare
559,2001-01-04T00:00:00.000,W,2579,40750,Harlem-O'Hare
560,2001-01-04T00:00:00.000,W,2531,41490,Harrison
561,2001-01-04T00:00:00.000,W,1905,41500,Montrose-Brown
562,2001-01-04T00:00:00.000,W,2117,41240,Addison-O'Hare
563,2001-01-04T00:00:00.000,W,3260,40390,Forest Park
564,2001-01-05T00:00:00.000,W,3456,40910,63rd-Dan Ryan
565,2001-01-05T00:00:00.000,W,1819,41330,Montrose-O'Hare
566,2001-01-05T00:00:00.000,W,2740,40670,Western/Milwaukee
567,2001-01-05T00:00:00.000,W,724,41270,43rd
568,2001-01-05T00:00:00.000,W,2682,41150,Kedzie-Midway
569,2001-01-05T00:00:00.000,W,2795,40360,Southport
570,2001-01-05T00:00:00.000,W,8871,40330,Grand/State
571,2001-01-05T00:00:00.000,W,419,40780,Central Park
572,2001-01-05T00:00:00.000,W,3184,40190,Sox-35th-Dan Ryan
573,2001-01-05T00:00:00.000,W,695,41140,King Drive
574,2001-01-05T00:00:00.000,W,2638,41200,Argyle
575,2001-01-05T00:00:00.000,W,1720,40290,Ashland/63rd
576,2001-01-05T00:00:00.000,W,2145,40350,UIC-Halsted
577,2001-01-05T00:00:00.000,W,2599,40770,Lawrence
578,2001-01-05T00:00:00.000,W,3357,40020,Harlem-Lake
579,2001-01-05T00:00:00.000,W,1122,41050,Linden
580,2001-01-05T00:00:00.000,W,1698,40810,Medical Center
581,2001-01-05T00:00:00.000,W,5955,40900,Howard
582,2001-01-05T00:00:00.000,W,7437,40240,79th
583,2001-01-05T00:00:00.000,W,5541,40790,Monroe/Dearborn
584,2001-01-05T00:00:00.000,W,1997,41410,Chicago/Milwaukee
585,2001-01-05T00:00:00.000,W,399,41040,Kedzie-Cermak
586,2001-01-05T00:00:00.000,W,2661,40570,California/Milwaukee
587,2001-01-05T00:00:00.000,W,2389,40430,Clinton-Forest Park
588,2001-01-05T00:00:00.000,W,847,41250,Central-Evanston
589,2001-01-05T00:00:00.000,W,3547,40160,LaSalle/Van Buren
590,2001-01-05T00:00:00.000,W,2049,41500,Montrose-Brown
591,2001-01-05T00:00:00.000,W,892,40420,Cicero-Cermak
592,2001-01-05T00:00:00.000,W,4381,40100,Morse
593,2001-01-05T00:00:00.000,W,4461,40230,Cumberland
594,2001-01-05T00:00:00.000,W,7954,40260,State/Lake
595,2001-01-05T00:00:00.000,W,1068,40130,51st
596,2001-01-05T00:00:00.000,W,724,40940,Halsted/63rd
597,2001-01-05T00:00:00.000,W,2092,40800,Sedgwick
598,2001-01-05T00:00:00.000,W,4533,41170,Garfield-Dan Ryan
599,2001-01-05T00:00:00.000,W,1223,40700,Laramie
600,2001-01-05T00:00:00.000,W,3684,40050,Davis
601,2001-01-05T00:00:00.000,W,6334,41280,Jefferson Park
602,2001-01-05T00:00:00.000,W,9586,40560,Jackson/State
603,2001-01-05T00:00:00.000,W,1209,40920,Pulaski-Forest Park
604,2001-01-05T00:00:00.000,W,1961,40850,Library
605,2001-01-05T00:00:00.000,W,14980,40380,Clark/Lake
606,2001-01-05T00:00:00.000,W,4144,40540,Wilson
607,2001-01-05T00:00:00.000,W,450,40150,Pulaski-Cermak
608,2001-01-05T00:00:00.000,W,2099,40280,Central-Lake
609,2001-01-05T00:00:00.000,W,1465,40010,Austin-Forest Park
610,2001-01-05T00:00:00.000,W,1736,41440,Addison-Brown
611,2001-01-05T00:00:00.000,W,1227,41010,Rockwell
612,2001-01-05T00:00:00.000,W,3767,40640,Madison/Wabash
613,2001-01-05T00:00:00.000,W,1461,41180,Kedzie-Brown
614,2001-01-05T00:00:00.000,W,8482,40370,Washington/Dearborn
615,2001-01-05T00:00:00.000,W,933,40970,Cicero-Forest Park
616,2001-01-05T00:00:00.000,W,1453,40030,Pulaski-Lake
617,2001-01-05T00:00:00.000,W,13263,40450,95th/Dan Ryan
618,2001-01-05T00:00:00.000,W,2182,41230,47th-Dan Ryan
619,2001-01-05T00:00:00.000,W,2362,41460,Irving Park-Brown
620,2001-01-05T00:00:00.000,W,5554,40460,Merchandise Mart
621,2001-01-05T00:00:00.000,W,679,40690,Dempster
622,2001-01-05T00:00:00.000,W,3806,40710,Chicago/Franklin
623,2001-01-05T00:00:00.000,W,7271,41090,Monroe/State
624,2001-01-05T00:00:00.000,W,2466,41210,Wellington
625,2001-01-05T00:00:00.000,W,925,40830,18th
626,2001-01-05T00:00:00.000,W,551,40300,Indiana
627,2001-01-05T00:00:00.000,W,6308,40070,Jackson/Dearborn
628,2001-01-05T00:00:00.000,W,4020,40590,Damen/Milwaukee
629,2001-01-05T00:00:00.000,W,1825,40120,35th/Archer
630,2001-01-05T00:00:00.000,W,4288,40530,Diversey
631,2001-01-05T00:00:00.000,W,6311,40680,Adams/Wabash
632,2001-01-05T00:00:00.000,W,1232,40250,Kedzie-Homan-Forest Park
633,2001-01-05T00:00:00.000,W,1298,40180,Oak Park-Forest Park
634,2001-01-05T00:00:00.000,W,505,40740,Western-Cermak
635,2001-01-05T00:00:00.000,W,5529,40200,Randolph/Wabash
636,2001-01-05T00:00:00.000,W,1985,41260,Austin-Lake
637,2001-01-05T00:00:00.000,W,1008,41070,Kedzie-Lake
638,2001-01-05T00:00:00.000,W,1187,40270,Main
639,2001-01-05T00:00:00.000,W,2088,40090,Damen-Brown
640,2001-01-05T00:00:00.000,W,6983,40730,Washington/Wells
641,2001-01-05T00:00:00.000,W,3295,40340,Berwyn
642,2001-01-05T00:00:00.000,W,1554,40580,54th/Cermak
643,2001-01-05T00:00:00.000,W,5184,41400,Roosevelt
644,2001-01-05T00:00:00.000,W,1375,41350,Oak Park-Lake
645,2001-01-05T00:00:00.000,W,805,41360,California-Lake
646,2001-01-05T00:00:00.000,W,2246,41030,Polk
647,2001-01-05T00:00:00.000,W,3624,40550,Irving Park-O'Hare
648,2001-01-05T00:00:00.000,W,2846,40660,Armitage
649,2001-01-05T00:00:00.000,W,843,40840,South Boulevard
650,2001-01-05T00:00:00.000,W,3491,40650,North/Clybourn
651,2001-01-05T00:00:00.000,W,1216,40170,Ashland-Lake
652,2001-01-05T00:00:00.000,W,723,40440,California-Cermak
653,2001-01-05T00:00:00.000,W,683,40520,Foster
654,2001-01-05T00:00:00.000,W,5336,40820,Rosemont
655,2001-01-05T00:00:00.000,W,1129,40490,Grand/Milwaukee
656,2001-01-05T00:00:00.000,W,3967,41300,Loyola
657,2001-01-05T00:00:00.000,W,8074,41220,Fullerton
658,2001-01-05T00:00:00.000,W,1201,40610,Ridgeland
659,2001-01-05T00:00:00.000,W,1510,41190,Jarvis
660,2001-01-05T00:00:00.000,W,1634,41160,Clinton-Lake
661,2001-01-05T00:00:00.000,W,1510,40470,Racine
662,2001-01-05T00:00:00.000,W,860,40220,Western-Forest Park
663,2001-01-05T00:00:00.000,W,3073,40310,Western-Orange
664,2001-01-05T00:00:00.000,W,4666,41420,Addison-North Main
665,2001-01-05T00:00:00.000,W,7653,40040,Quincy/Wells
666,2001-01-05T00:00:00.000,W,770,40510,Garfield-South Elevated
667,2001-01-05T00:00:00.000,W,4649,41020,Logan Square
668,2001-01-05T00:00:00.000,W,3028,40760,Granville
669,2001-01-05T00:00:00.000,W,4400,40060,Belmont-O'Hare
670,2001-01-05T00:00:00.000,W,3395,40390,Forest Park
671,2001-01-05T00:00:00.000,W,1349,41080,47th-South Elevated
672,2001-01-05T00:00:00.000,W,8109,40890,O'Hare Airport
673,2001-01-05T00:00:00.000,W,5266,41430,87th
674,2001-01-05T00:00:00.000,W,6436,40990,69th
675,2001-01-05T00:00:00.000,W,6802,40500,Washington/State
676,2001-01-05T00:00:00.000,W,4036,40960,Pulaski-Orange
677,2001-01-05T00:00:00.000,W,2721,40880,Thorndale
678,2001-01-05T00:00:00.000,W,2106,41240,Addison-O'Hare
679,2001-01-05T00:00:00.000,W,9639,41320,Belmont-North Main
680,2001-01-05T00:00:00.000,W,1387,40720,East 63rd-Cottage Grove
681,2001-01-05T00:00:00.000,W,534,40400,Noyes
682,2001-01-05T00:00:00.000,W,3730,41290,Kimball
683,2001-01-05T00:00:00.000,W,4189,41380,Bryn Mawr
684,2001-01-05T00:00:00.000,W,7265,40930,Midway Airport
685,2001-01-05T00:00:00.000,W,1190,41060,Ashland-Orange
686,2001-01-05T00:00:00.000,W,4404,40080,Sheridan
687,2001-01-05T00:00:00.000,W,1056,40870,Francisco
688,2001-01-05T00:00:00.000,W,253,40600,Kostner
689,2001-01-05T00:00:00.000,W,3346,41480,Western-Brown
690,2001-01-05T00:00:00.000,W,4139,40320,Division/Milwaukee
691,2001-01-05T00:00:00.000,W,2542,40750,Harlem-O'Hare
692,2001-01-05T00:00:00.000,W,2129,41130,Halsted-Orange
693,2001-01-05T00:00:00.000,W,2334,40140,Skokie
694,2001-01-05T00:00:00.000,W,12771,41450,Chicago/State
695,2001-01-05T00:00:00.000,W,2421,41000,Cermak-Chinatown
696,2001-01-05T00:00:00.000,W,2202,41490,Harrison
697,2001-01-05T00:00:00.000,W,13043,41660,Lake/State
698,2001-01-05T00:00:00.000,W,627,40210,Damen-Cermak
699,2001-01-05T00:00:00.000,W,1157,40480,Cicero-Lake
700,2001-01-05T00:00:00.000,W,2067,41310,Paulina
701,2001-01-05T00:00:00.000,W,6405,40630,Clark/Division
702,2001-01-05T00:00:00.000,W,768,40980,Harlem-Forest Park
703,2001-01-05T00:00:00.000,W,1478,41120,35-Bronzeville-IIT
704,2001-01-05T00:00:00.000,W,1888,41340,LaSalle
705,2001-01-06T00:00:00.000,A,1199,40390,Forest Park
706,2001-01-06T00:00:00.000,A,558,40170,Ashland-Lake
707,2001-01-06T00:00:00.000,A,7284,40450,95th/Dan Ryan
708,2001-01-06T00:00:00.000,A,855,41260,Austin-Lake
709,2001-01-06T00:00:00.000,A,1805,41200,Argyle
710,2001-01-06T00:00:00.000,A,8,41030,Polk
711,2001-01-06T00:00:00.000,A,2467,40050,Davis
712,2001-01-06T00:00:00.000,A,1270,40670,Western/Milwaukee
713,2001-01-06T00:00:00.000,A,1208,40280,Central-Lake
714,2001-01-06T00:00:00.000,A,395,41160,Clinton-Lake
715,2001-01-06T00:00:00.000,A,654,40220,Western-Forest Park
716,2001-01-06T00:00:00.000,A,2545,40080,Sheridan
717,2001-01-06T00:00:00.000,A,523,41010,Rockwell
718,2001-01-06T00:00:00.000,A,3,40420,Cicero-Cermak
719,2001-01-06T00:00:00.000,A,657,40700,Laramie
720,2001-01-06T00:00:00.000,A,2780,40540,Wilson
721,2001-01-06T00:00:00.000,A,3828,40900,Howard
722,2001-01-06T00:00:00.000,A,759,41210,Wellington
723,2001-01-06T00:00:00.000,A,3068,41400,Roosevelt
724,2001-01-06T00:00:00.000,A,613,41440,Addison-Brown
725,2001-01-06T00:00:00.000,A,877,41500,Montrose-Brown
726,2001-01-06T00:00:00.000,A,844,40040,Quincy/Wells
727,2001-01-06T00:00:00.000,A,4497,40990,69th
728,2001-01-06T00:00:00.000,A,2204,41020,Logan Square
729,2001-01-06T00:00:00.000,A,1929,40820,Rosemont
730,2001-01-06T00:00:00.000,A,650,40120,35th/Archer
731,2001-01-06T00:00:00.000,A,425,40870,Francisco
732,2001-01-06T00:00:00.000,A,962,41460,Irving Park-Brown
733,2001-01-06T00:00:00.000,A,443,40510,Garfield-South Elevated
734,2001-01-06T00:00:00.000,A,1874,40770,Lawrence
735,2001-01-06T00:00:00.000,A,1,40210,Damen-Cermak
736,2001-01-06T00:00:00.000,A,1090,40660,Armitage
737,2001-01-06T00:00:00.000,A,4535,41220,Fullerton
738,2001-01-06T00:00:00.000,A,6733,41320,Belmont-North Main
739,2001-01-06T00:00:00.000,A,385,41360,California-Lake
740,2001-01-06T00:00:00.000,A,2,40740,Western-Cermak
741,2001-01-06T00:00:00.000,A,1613,41230,47th-Dan Ryan
742,2001-01-06T00:00:00.000,A,3411,40560,Jackson/State
743,2001-01-06T00:00:00.000,A,3662,40260,State/Lake
744,2001-01-06T00:00:00.000,A,0,40140,Skokie
745,2001-01-06T00:00:00.000,A,662,40730,Washington/Wells
746,2001-01-06T00:00:00.000,A,372,40610,Ridgeland
747,2001-01-06T00:00:00.000,A,765,41120,35-Bronzeville-IIT
748,2001-01-06T00:00:00.000,A,845,40920,Pulaski-Forest Park
749,2001-01-06T00:00:00.000,A,2609,41380,Bryn Mawr
750,2001-01-06T00:00:00.000,A,965,40810,Medical Center
751,2001-01-06T00:00:00.000,A,862,40290,Ashland/63rd
752,2001-01-06T00:00:00.000,A,2582,40500,Washington/State
753,2001-01-06T00:00:00.000,A,1798,40070,Jackson/Dearborn
754,2001-01-06T00:00:00.000,A,964,40360,Southport
755,2001-01-06T00:00:00.000,A,804,40430,Clinton-Forest Park
756,2001-01-06T00:00:00.000,A,688,40270,Main
757,2001-01-06T00:00:00.000,A,599,40130,51st
758,2001-01-06T00:00:00.000,A,883,41180,Kedzie-Brown
759,2001-01-06T00:00:00.000,A,5444,41660,Lake/State
760,2001-01-06T00:00:00.000,A,839,40030,Pulaski-Lake
761,2001-01-06T00:00:00.000,A,420,40690,Dempster
762,2001-01-06T00:00:00.000,A,1885,40200,Randolph/Wabash
763,2001-01-06T00:00:00.000,A,1072,41190,Jarvis
764,2001-01-06T00:00:00.000,A,754,41080,47th-South Elevated
765,2001-01-06T00:00:00.000,A,4,40580,54th/Cermak
766,2001-01-06T00:00:00.000,A,2710,41420,Addison-North Main
767,2001-01-06T00:00:00.000,A,1825,40530,Diversey
768,2001-01-06T00:00:00.000,A,936,40800,Sedgwick
769,2001-01-06T00:00:00.000,A,5234,40330,Grand/State
770,2001-01-06T00:00:00.000,A,846,41240,Addison-O'Hare
771,2001-01-06T00:00:00.000,A,379,40980,Harlem-Forest Park
772,2001-01-06T00:00:00.000,A,2437,40910,63rd-Dan Ryan
773,2001-01-06T00:00:00.000,A,1,40600,Kostner
774,2001-01-06T00:00:00.000,A,1225,40710,Chicago/Franklin
775,2001-01-06T00:00:00.000,A,533,40490,Grand/Milwaukee
776,2001-01-06T00:00:00.000,A,416,40520,Foster
777,2001-01-06T00:00:00.000,A,4631,40630,Clark/Division
778,2001-01-06T00:00:00.000,A,1024,40090,Damen-Brown
779,2001-01-06T00:00:00.000,A,0,41040,Kedzie-Cermak
780,2001-01-06T00:00:00.000,A,406,41050,Linden
781,2001-01-06T00:00:00.000,A,1183,40960,Pulaski-Orange
782,2001-01-06T00:00:00.000,A,1355,40570,California/Milwaukee
783,2001-01-06T00:00:00.000,A,1520,40230,Cumberland
784,2001-01-06T00:00:00.000,A,2,40780,Central Park
785,2001-01-06T00:00:00.000,A,633,41410,Chicago/Milwaukee
786,2001-01-06T00:00:00.000,A,2692,41280,Jefferson Park
787,2001-01-06T00:00:00.000,A,1569,40020,Harlem-Lake
788,2001-01-06T00:00:00.000,A,468,41250,Central-Evanston
789,2001-01-06T00:00:00.000,A,439,40940,Halsted/63rd
790,2001-01-06T00:00:00.000,A,598,40850,Library
791,2001-01-06T00:00:00.000,A,3021,40100,Morse
792,2001-01-06T00:00:00.000,A,966,41310,Paulina
793,2001-01-06T00:00:00.000,A,2143,40370,Washington/Dearborn
794,2001-01-06T00:00:00.000,A,279,40300,Indiana
795,2001-01-06T00:00:00.000,A,948,40790,Monroe/Dearborn
796,2001-01-06T00:00:00.000,A,2,40830,18th
797,2001-01-06T00:00:00.000,A,3010,41430,87th
798,2001-01-06T00:00:00.000,A,336,40400,Noyes
799,2001-01-06T00:00:00.000,A,2167,41000,Cermak-Chinatown
800,2001-01-06T00:00:00.000,A,431,40840,South Boulevard
801,2001-01-06T00:00:00.000,A,765,40470,Racine
802,2001-01-06T00:00:00.000,A,1933,40320,Division/Milwaukee
803,2001-01-06T00:00:00.000,A,868,40250,Kedzie-Homan-Forest Park
804,2001-01-06T00:00:00.000,A,2621,40650,North/Clybourn
805,2001-01-06T00:00:00.000,A,2733,41300,Loyola
806,2001-01-06T00:00:00.000,A,411,41270,43rd
807,2001-01-06T00:00:00.000,A,6109,40890,O'Hare Airport
808,2001-01-06T00:00:00.000,A,689,41130,Halsted-Orange
809,2001-01-06T00:00:00.000,A,1582,40550,Irving Park-O'Hare
810,2001-01-06T00:00:00.000,A,2231,40060,Belmont-O'Hare
811,2001-01-06T00:00:00.000,A,675,40720,East 63rd-Cottage Grove
812,2001-01-06T00:00:00.000,A,668,41330,Montrose-O'Hare
813,2001-01-06T00:00:00.000,A,467,41350,Oak Park-Lake
814,2001-01-06T00:00:00.000,A,3341,41170,Garfield-Dan Ryan
815,2001-01-06T00:00:00.000,A,1,40440,California-Cermak
816,2001-01-06T00:00:00.000,A,607,41070,Kedzie-Lake
817,2001-01-06T00:00:00.000,A,1735,40590,Damen/Milwaukee
818,2001-01-06T00:00:00.000,A,994,40310,Western-Orange
819,2001-01-06T00:00:00.000,A,337,41340,LaSalle
820,2001-01-06T00:00:00.000,A,358,40180,Oak Park-Forest Park
821,2001-01-06T00:00:00.000,A,543,41060,Ashland-Orange
822,2001-01-06T00:00:00.000,A,730,40970,Cicero-Forest Park
823,2001-01-06T00:00:00.000,A,4,40150,Pulaski-Cermak
824,2001-01-06T00:00:00.000,A,8718,41450,Chicago/State
825,2001-01-06T00:00:00.000,A,1656,41480,Western-Brown
826,2001-01-06T00:00:00.000,A,1977,40190,Sox-35th-Dan Ryan
827,2001-01-06T00:00:00.000,A,2536,40930,Midway Airport
828,2001-01-06T00:00:00.000,A,310,40160,LaSalle/Van Buren
829,2001-01-06T00:00:00.000,A,775,40460,Merchandise Mart
830,2001-01-06T00:00:00.000,A,1979,40680,Adams/Wabash
831,2001-01-06T00:00:00.000,A,4715,40240,79th
832,2001-01-06T00:00:00.000,A,2101,41290,Kimball
833,2001-01-06T00:00:00.000,A,613,40010,Austin-Forest Park
834,2001-01-06T00:00:00.000,A,2410,41090,Monroe/State
835,2001-01-06T00:00:00.000,A,1932,40760,Granville
836,2001-01-06T00:00:00.000,A,1790,40880,Thorndale
837,2001-01-06T00:00:00.000,A,1214,41490,Harrison
838,2001-01-06T00:00:00.000,A,1142,41150,Kedzie-Midway
839,2001-01-06T00:00:00.000,A,403,41140,King Drive
840,2001-01-06T00:00:00.000,A,709,40480,Cicero-Lake
841,2001-01-06T00:00:00.000,A,729,40350,UIC-Halsted
842,2001-01-06T00:00:00.000,A,1012,40750,Harlem-O'Hare
843,2001-01-06T00:00:00.000,A,1093,40640,Madison/Wabash
844,2001-01-06T00:00:00.000,A,2267,40380,Clark/Lake
845,2001-01-06T00:00:00.000,A,1979,40340,Berwyn
846,2001-01-07T00:00:00.000,U,0,40420,Cicero-Cermak
847,2001-01-07T00:00:00.000,U,1006,41480,Western-Brown
848,2001-01-07T00:00:00.000,U,1856,41280,Jefferson Park
849,2001-01-07T00:00:00.000,U,2003,41380,Bryn Mawr
850,2001-01-07T00:00:00.000,U,1290,40320,Division/Milwaukee
851,2001-01-07T00:00:00.000,U,460,41120,35-Bronzeville-IIT
852,2001-01-07T00:00:00.000,U,205,40180,Oak Park-Forest Park
853,2001-01-07T00:00:00.000,U,1367,40050,Davis
854,2001-01-07T00:00:00.000,U,307,40730,Washington/Wells
855,2001-01-07T00:00:00.000,U,1529,40760,Granville
856,2001-01-07T00:00:00.000,U,1502,40340,Berwyn
857,2001-01-07T00:00:00.000,U,231,40460,Merchandise Mart
858,2001-01-07T00:00:00.000,U,641,40920,Pulaski-Forest Park
859,2001-01-07T00:00:00.000,U,385,41070,Kedzie-Lake
860,2001-01-07T00:00:00.000,U,3114,41220,Fullerton
861,2001-01-07T00:00:00.000,U,242,40300,Indiana
862,2001-01-07T00:00:00.000,U,1200,41290,Kimball
863,2001-01-07T00:00:00.000,U,3823,40330,Grand/State
864,2001-01-07T00:00:00.000,U,1364,40770,Lawrence
865,2001-01-07T00:00:00.000,U,0,40150,Pulaski-Cermak
866,2001-01-07T00:00:00.000,U,243,41140,King Drive
867,2001-01-07T00:00:00.000,U,3316,40240,79th
868,2001-01-07T00:00:00.000,U,554,40800,Sedgwick
869,2001-01-07T00:00:00.000,U,296,41350,Oak Park-Lake
870,2001-01-07T00:00:00.000,U,1806,40930,Midway Airport
871,2001-01-07T00:00:00.000,U,1028,40230,Cumberland
872,2001-01-07T00:00:00.000,U,541,41460,Irving Park-Brown
873,2001-01-07T00:00:00.000,U,378,40700,Laramie
874,2001-01-07T00:00:00.000,U,195,40610,Ridgeland
875,2001-01-07T00:00:00.000,U,487,40970,Cicero-Forest Park
876,2001-01-07T00:00:00.000,U,307,41440,Addison-Brown
877,2001-01-07T00:00:00.000,U,5134,40450,95th/Dan Ryan
878,2001-01-07T00:00:00.000,U,599,41150,Kedzie-Midway
879,2001-01-07T00:00:00.000,U,2112,41400,Roosevelt
880,2001-01-07T00:00:00.000,U,531,41500,Montrose-Brown
881,2001-01-07T00:00:00.000,U,856,40280,Central-Lake
882,2001-01-07T00:00:00.000,U,154,40160,LaSalle/Van Buren
883,2001-01-07T00:00:00.000,U,464,40040,Quincy/Wells
884,2001-01-07T00:00:00.000,U,5822,41450,Chicago/State
885,2001-01-07T00:00:00.000,U,0,41030,Polk
886,2001-01-07T00:00:00.000,U,486,40480,Cicero-Lake
887,2001-01-07T00:00:00.000,U,1521,41020,Logan Square
888,2001-01-07T00:00:00.000,U,0,41040,Kedzie-Cermak
889,2001-01-07T00:00:00.000,U,1972,41170,Garfield-Dan Ryan
890,2001-01-07T00:00:00.000,U,621,40960,Pulaski-Orange
891,2001-01-07T00:00:00.000,U,0,40740,Western-Cermak
892,2001-01-07T00:00:00.000,U,252,41360,California-Lake
893,2001-01-07T00:00:00.000,U,689,40810,Medical Center
894,2001-01-07T00:00:00.000,U,403,40010,Austin-Forest Park
895,2001-01-07T00:00:00.000,U,1280,41200,Argyle
896,2001-01-07T00:00:00.000,U,1556,41000,Cermak-Chinatown
897,2001-01-07T00:00:00.000,U,560,41180,Kedzie-Brown
898,2001-01-07T00:00:00.000,U,342,40640,Madison/Wabash
899,2001-01-07T00:00:00.000,U,282,40940,Halsted/63rd
900,2001-01-07T00:00:00.000,U,1408,41090,Monroe/State
901,2001-01-07T00:00:00.000,U,393,40470,Racine
902,2001-01-07T00:00:00.000,U,543,41310,Paulina
903,2001-01-07T00:00:00.000,U,180,40400,Noyes
904,2001-01-07T00:00:00.000,U,1884,41300,Loyola
905,2001-01-07T00:00:00.000,U,4514,41320,Belmont-North Main
906,2001-01-07T00:00:00.000,U,429,41410,Chicago/Milwaukee
907,2001-01-07T00:00:00.000,U,0,40580,54th/Cermak
908,2001-01-07T00:00:00.000,U,589,40030,Pulaski-Lake
909,2001-01-07T00:00:00.000,U,2483,40260,State/Lake
910,2001-01-07T00:00:00.000,U,227,41050,Linden
911,2001-01-07T00:00:00.000,U,339,40170,Ashland-Lake
912,2001-01-07T00:00:00.000,U,0,40210,Damen-Cermak
913,2001-01-07T00:00:00.000,U,223,40520,Foster
914,2001-01-07T00:00:00.000,U,0,40830,18th
915,2001-01-07T00:00:00.000,U,586,40250,Kedzie-Homan-Forest Park
916,2001-01-07T00:00:00.000,U,1802,40650,North/Clybourn
917,2001-01-07T00:00:00.000,U,561,40090,Damen-Brown
918,2001-01-07T00:00:00.000,U,269,40690,Dempster
919,2001-01-07T00:00:00.000,U,1326,40880,Thorndale
920,2001-01-07T00:00:00.000,U,923,40200,Randolph/Wabash
921,2001-01-07T00:00:00.000,U,485,40350,UIC-Halsted
922,2001-01-07T00:00:00.000,U,1229,40590,Damen/Milwaukee
923,2001-01-07T00:00:00.000,U,676,40430,Clinton-Forest Park
924,2001-01-07T00:00:00.000,U,409,40130,51st
925,2001-01-07T00:00:00.000,U,752,40390,Forest Park
926,2001-01-07T00:00:00.000,U,3579,41660,Lake/State
927,2001-01-07T00:00:00.000,U,2501,40900,Howard
928,2001-01-07T00:00:00.000,U,887,40020,Harlem-Lake
929,2001-01-07T00:00:00.000,U,1823,40080,Sheridan
930,2001-01-07T00:00:00.000,U,1815,40910,63rd-Dan Ryan
931,2001-01-07T00:00:00.000,U,258,41270,43rd
932,2001-01-07T00:00:00.000,U,632,40290,Ashland/63rd
933,2001-01-07T00:00:00.000,U,553,41260,Austin-Lake
934,2001-01-07T00:00:00.000,U,608,40790,Monroe/Dearborn
935,2001-01-07T00:00:00.000,U,1935,41420,Addison-North Main
936,2001-01-07T00:00:00.000,U,1190,40820,Rosemont
937,2001-01-07T00:00:00.000,U,3355,40630,Clark/Division
938,2001-01-07T00:00:00.000,U,545,40360,Southport
939,2001-01-07T00:00:00.000,U,925,40530,Diversey
940,2001-01-07T00:00:00.000,U,822,41490,Harrison
941,2001-01-07T00:00:00.000,U,3041,40990,69th
942,2001-01-07T00:00:00.000,U,448,41080,47th-South Elevated
943,2001-01-07T00:00:00.000,U,499,40660,Armitage
944,2001-01-07T00:00:00.000,U,249,41250,Central-Evanston
945,2001-01-07T00:00:00.000,U,614,40310,Western-Orange
946,2001-01-07T00:00:00.000,U,414,40220,Western-Forest Park
947,2001-01-07T00:00:00.000,U,352,40270,Main
948,2001-01-07T00:00:00.000,U,625,40750,Harlem-O'Hare
949,2001-01-07T00:00:00.000,U,485,41330,Montrose-O'Hare
950,2001-01-07T00:00:00.000,U,184,41340,LaSalle
951,2001-01-07T00:00:00.000,U,324,41010,Rockwell
952,2001-01-07T00:00:00.000,U,233,40840,South Boulevard
953,2001-01-07T00:00:00.000,U,2044,41430,87th
954,2001-01-07T00:00:00.000,U,0,40440,California-Cermak
955,2001-01-07T00:00:00.000,U,782,41190,Jarvis
956,2001-01-07T00:00:00.000,U,239,40850,Library
957,2001-01-07T00:00:00.000,U,239,40980,Harlem-Forest Park
958,2001-01-07T00:00:00.000,U,1565,40060,Belmont-O'Hare
959,2001-01-07T00:00:00.000,U,516,41240,Addison-O'Hare
960,2001-01-07T00:00:00.000,U,0,40600,Kostner
961,2001-01-07T00:00:00.000,U,2187,40100,Morse
962,2001-01-07T00:00:00.000,U,352,41130,Halsted-Orange
963,2001-01-07T00:00:00.000,U,1252,41230,47th-Dan Ryan
964,2001-01-07T00:00:00.000,U,812,40670,Western/Milwaukee
965,2001-01-07T00:00:00.000,U,416,41210,Wellington
966,2001-01-07T00:00:00.000,U,1498,40500,Washington/State
967,2001-01-07T00:00:00.000,U,282,41160,Clinton-Lake
968,2001-01-07T00:00:00.000,U,554,40710,Chicago/Franklin
969,2001-01-07T00:00:00.000,U,0,40780,Central Park
970,2001-01-07T00:00:00.000,U,225,40870,Francisco
971,2001-01-07T00:00:00.000,U,1399,40370,Washington/Dearborn
972,2001-01-07T00:00:00.000,U,884,40570,California/Milwaukee
973,2001-01-07T00:00:00.000,U,313,40490,Grand/Milwaukee
974,2001-01-07T00:00:00.000,U,6438,40890,O'Hare Airport
975,2001-01-07T00:00:00.000,U,1515,40190,Sox-35th-Dan Ryan
976,2001-01-07T00:00:00.000,U,380,40120,35th/Archer
977,2001-01-07T00:00:00.000,U,1055,40070,Jackson/Dearborn
978,2001-01-07T00:00:00.000,U,474,40720,East 63rd-Cottage Grove
979,2001-01-07T00:00:00.000,U,0,40140,Skokie
980,2001-01-07T00:00:00.000,U,295,40510,Garfield-South Elevated
981,2001-01-07T00:00:00.000,U,1405,40380,Clark/Lake
982,2001-01-07T00:00:00.000,U,1200,40550,Irving Park-O'Hare
983,2001-01-07T00:00:00.000,U,1909,40560,Jackson/State
984,2001-01-07T00:00:00.000,U,1913,40540,Wilson
985,2001-01-07T00:00:00.000,U,943,40680,Adams/Wabash
986,2001-01-07T00:00:00.000,U,304,41060,Ashland-Orange
987,2001-01-08T00:00:00.000,W,8221,40330,Grand/State
988,2001-01-08T00:00:00.000,W,6425,40630,Clark/Division
989,2001-01-08T00:00:00.000,W,718,41140,King Drive
990,2001-01-08T00:00:00.000,W,1868,41440,Addison-Brown
991,2001-01-08T00:00:00.000,W,4380,40530,Diversey
992,2001-01-08T00:00:00.000,W,1195,40920,Pulaski-Forest Park
993,2001-01-08T00:00:00.000,W,1132,40490,Grand/Milwaukee
994,2001-01-08T00:00:00.000,W,5672,40790,Monroe/Dearborn
995,2001-01-08T00:00:00.000,W,14409,40450,95th/Dan Ryan
996,2001-01-08T00:00:00.000,W,4599,40060,Belmont-O'Hare
997,2001-01-08T00:00:00.000,W,10856,41220,Fullerton
998,2001-01-08T00:00:00.000,W,1809,41160,Clinton-Lake
999,2001-01-08T00:00:00.000,W,1208,40270,Main
